{
  "dependent_variable": "log(1 + (active_stake - pledge) in ADA)",
  "sample": "active_stake > 0 and active_stake > pledge",
  "n_obs": 2339,
  "models": {
    "A_lifetime_roa": {
      "n": 2339,
      "k": 7,
      "r2": 0.6664450296355224,
      "adj_r2": 0.6655868264527665,
      "coefficients": {
        "Intercept": {
          "beta": 5.165627809307713,
          "se_hc1": 0.14665603645378456,
          "t": 35.22274250835592,
          "p_norm_approx": 0.0
        },
        "log_pledge": {
          "beta": 0.16642540964361308,
          "se_hc1": 0.018210567371285617,
          "t": 9.138946977897696,
          "p_norm_approx": 0.0
        },
        "margin": {
          "beta": 1.7313942965832823,
          "se_hc1": 0.3763091262503414,
          "t": 4.600989388260183,
          "p_norm_approx": 4.204888522263417e-06
        },
        "fixed_cost_ada": {
          "beta": 5.283864397760989e-06,
          "se_hc1": 1.4120347309637348e-06,
          "t": 3.7420215536445567,
          "p_norm_approx": 0.00018254585414867464
        },
        "saturation": {
          "beta": 5.539938027480276,
          "se_hc1": 0.38635638291912716,
          "t": 14.338932323631123,
          "p_norm_approx": 0.0
        },
        "log_delegators": {
          "beta": 0.953451557989367,
          "se_hc1": 0.04344291565686624,
          "t": 21.94722761060058,
          "p_norm_approx": 0.0
        },
        "lifetime_roa": {
          "beta": 0.5654815943668012,
          "se_hc1": 0.05921870034445579,
          "t": 9.549037568835182,
          "p_norm_approx": 0.0
        }
      }
    },
    "B_recent_roa": {
      "n": 2339,
      "k": 7,
      "r2": 0.6929649640121489,
      "adj_r2": 0.6921749939367084,
      "coefficients": {
        "Intercept": {
          "beta": 5.809320309813101,
          "se_hc1": 0.1498010205650709,
          "t": 38.78024520727237,
          "p_norm_approx": 0.0
        },
        "log_pledge": {
          "beta": 0.13044936481405878,
          "se_hc1": 0.017805848172852017,
          "t": 7.326208981886669,
          "p_norm_approx": 2.3669954885008337e-13
        },
        "margin": {
          "beta": 2.3094483761315914,
          "se_hc1": 0.3769891784421829,
          "t": 6.126033605725319,
          "p_norm_approx": 9.009677448545972e-10
        },
        "fixed_cost_ada": {
          "beta": 5.0628770298559436e-06,
          "se_hc1": 1.4628764657824258e-06,
          "t": 3.460905379421797,
          "p_norm_approx": 0.0005383620002878953
        },
        "saturation": {
          "beta": 3.4659715111166634,
          "se_hc1": 0.3988341917082586,
          "t": 8.69025671111962,
          "p_norm_approx": 0.0
        },
        "log_delegators": {
          "beta": 0.8502944877920839,
          "se_hc1": 0.039861946233541994,
          "t": 21.330982757600538,
          "p_norm_approx": 0.0
        },
        "recent_roa": {
          "beta": 1.7600388777984293,
          "se_hc1": 0.1360335003063767,
          "t": 12.938275305968332,
          "p_norm_approx": 0.0
        }
      }
    },
    "C_both_roa": {
      "n": 2339,
      "k": 8,
      "r2": 0.7015228370358393,
      "adj_r2": 0.7006265092191302,
      "coefficients": {
        "Intercept": {
          "beta": 5.554145761596766,
          "se_hc1": 0.14684858319713726,
          "t": 37.82226318207367,
          "p_norm_approx": 0.0
        },
        "log_pledge": {
          "beta": 0.12661456424008055,
          "se_hc1": 0.017737638773112654,
          "t": 7.138185970502874,
          "p_norm_approx": 9.456879723757083e-13
        },
        "margin": {
          "beta": 2.6852512295833506,
          "se_hc1": 0.40331175787493434,
          "t": 6.658003832400141,
          "p_norm_approx": 2.775712992786339e-11
        },
        "fixed_cost_ada": {
          "beta": 5.258973920986424e-06,
          "se_hc1": 1.4836292923459852e-06,
          "t": 3.5446684344380155,
          "p_norm_approx": 0.0003931072487945997
        },
        "saturation": {
          "beta": 3.624330497216228,
          "se_hc1": 0.39973891651965093,
          "t": 9.066744185859266,
          "p_norm_approx": 0.0
        },
        "log_delegators": {
          "beta": 0.750484802749904,
          "se_hc1": 0.055577061689174895,
          "t": 13.503499104489016,
          "p_norm_approx": 0.0
        },
        "lifetime_roa": {
          "beta": 0.37429796752146327,
          "se_hc1": 0.0729513993684967,
          "t": 5.130785300372181,
          "p_norm_approx": 2.8853586808708087e-07
        },
        "recent_roa": {
          "beta": 1.565016060807892,
          "se_hc1": 0.14244593409202316,
          "t": 10.986737324470473,
          "p_norm_approx": 0.0
        }
      }
    }
  }
}